,name,Lineup_name
0,Jeff Adrien,J. Adrien
1,Arron Afflalo,A. Afflalo
2,Blake Ahearn,B. Ahearn
3,Solomon Alabi,S. Alabi
4,Cole Aldrich,C. Aldrich
5,LaMarcus Aldridge,L. Aldridge
6,Lavoy Allen,L. Allen
7,Ray Allen*,R. Allen*
8,Tony Allen,T. Allen
9,Morris Almond,M. Almond
10,Al-Farouq Aminu,A. Aminu
11,Lou Amundson,L. Amundson
12,Chris Andersen,C. Andersen
13,Alan Anderson,A. Anderson
14,James Anderson,J. Anderson
15,Ryan Anderson,R. Anderson
16,Carmelo Anthony,C. Anthony
17,Joel Anthony,J. Anthony
18,Gilbert Arenas,G. Arenas
19,Trevor Ariza,T. Ariza
20,Ömer Aşık,Ö. Aşık
21,D.J. Augustin,D. Augustin
22,Gustavo Ayón,G. Ayón
23,Jeff Ayres,J. Ayres
24,Kelenna Azubuike,K. Azubuike
25,Luke Babbitt,L. Babbitt
26,Renaldo Balkman,R. Balkman
27,Leandro Barbosa,L. Barbosa
29,J.J. Barea,J. Barea
30,Andrea Bargnani,A. Bargnani
31,Matt Barnes,M. Barnes
32,Earl Barron,E. Barron
33,Brandon Bass,B. Bass
34,Tony Battie,T. Battie
35,Shane Battier,S. Battier
36,Nicolas Batum,N. Batum
37,Jerryd Bayless,J. Bayless
38,Michael Beasley,M. Beasley
39,Rodrigue Beaubois,R. Beaubois
40,Marco Belinelli,M. Belinelli
41,Raja Bell,R. Bell
42,Keith Benson,K. Benson
43,Mike Bibby,M. Bibby
44,Andris Biedriņš,A. Biedriņš
45,Chauncey Billups,C. Billups
46,Bismack Biyombo,B. Biyombo
47,DeJuan Blair,D. Blair
48,Steve Blake,S. Blake
49,Andray Blatche,A. Blatche
50,Eric Bledsoe,E. Bledsoe
51,Keith Bogans,K. Bogans
52,Andrew Bogut,A. Bogut
53,Matt Bonner,M. Bonner
54,Trevor Booker,T. Booker
55,Carlos Boozer,C. Boozer
56,Chris Bosh,C. Bosh
57,Earl Boykins,E. Boykins
58,Craig Brackins,C. Brackins
59,Avery Bradley,A. Bradley
60,Elton Brand,E. Brand
61,Corey Brewer,C. Brewer
62,Ronnie Brewer,R. Brewer
63,Jon Brockman,J. Brockman
64,MarShon Brooks,M. Brooks
65,Derrick Brown,D. Brown
66,Kwame Brown,K. Brown
67,Shannon Brown,S. Brown
68,Kobe Bryant,K. Bryant
69,Chase Budinger,C. Budinger
70,Alec Burks,A. Burks
71,Caron Butler,C. Butler
72,Jimmy Butler,J. Butler
73,Rasual Butler,R. Butler
74,Derrick Byars,D. Byars
75,Andrew Bynum,A. Bynum
76,Will Bynum,W. Bynum
77,José Calderón,J. Calderón
78,Marcus Camby,M. Camby
80,Brian Cardinal,B. Cardinal
81,DeMarre Carroll,D. Carroll
83,Matt Carroll,M. Carroll
84,Anthony Carter,A. Carter
85,Vince Carter,V. Carter
86,Omri Casspi,O. Casspi
87,Mario Chalmers,M. Chalmers
88,Tyson Chandler,T. Chandler
89,Wilson Chandler,W. Chandler
90,Josh Childress,J. Childress
91,Earl Clark,E. Clark
92,Norris Cole,N. Cole
93,Jason Collins,J. Collins
94,Darren Collison,D. Collison
95,Nick Collison,N. Collison
96,Mike Conley,M. Conley
97,Brian Cook,B. Cook
99,Daequan Cook,D. Cook
100,DeMarcus Cousins,D. Cousins
101,Jamal Crawford,J. Crawford
102,Jordan Crawford,J. Crawford
103,Dante Cunningham,D. Cunningham
104,Eddy Curry,E. Curry
105,Stephen Curry,S. Curry
106,Samuel Dalembert,S. Dalembert
107,Erick Dampier,E. Dampier
108,Marquis Daniels,M. Daniels
109,Baron Davis,B. Davis
110,Ed Davis,E. Davis
111,Glen Davis,G. Davis
112,Josh Davis,J. Davis
113,Eric Dawson,E. Dawson
114,Austin Daye,A. Daye
115,Carlos Delfino,C. Delfino
116,Luol Deng,L. Deng
117,Justin Dentmon,J. Dentmon
119,DeMar DeRozan,D. DeRozan
120,Boris Diaw,B. Diaw
122,Ike Diogu,I. Diogu
123,DeSagana Diop,D. Diop
124,Keyon Dooling,K. Dooling
125,Toney Douglas,T. Douglas
126,Goran Dragić,G. Dragić
127,Jared Dudley,J. Dudley
128,Chris Duhon,C. Duhon
129,Tim Duncan,T. Duncan
130,Mike Dunleavy,M. Dunleavy
131,Kevin Durant,K. Durant
132,Jerome Dyson,J. Dyson
133,Devin Ebanks,D. Ebanks
134,Wayne Ellington,W. Ellington
135,Monta Ellis,M. Ellis
137,Francisco Elson,F. Elson
138,Andre Emmett,A. Emmett
139,Semih Erden,S. Erden
140,Jeremy Evans,J. Evans
141,Maurice Evans,M. Evans
142,Reggie Evans,R. Evans
143,Tyreke Evans,T. Evans
144,Christian Eyenga,C. Eyenga
146,Kenneth Faried,K. Faried
147,Jordan Farmar,J. Farmar
148,Derrick Favors,D. Favors
149,Raymond Felton,R. Felton
150,Rudy Fernández,R. Fernández
151,Kyrylo Fesenko,K. Fesenko
152,Landry Fields,L. Fields
153,Derek Fisher,D. Fisher
155,Jonny Flynn,J. Flynn
157,Jeff Foote,J. Foote
158,Gary Forbes,G. Forbes
159,T.J. Ford,T. Ford
160,Courtney Fortson,C. Fortson
162,Jeff Foster,J. Foster
163,Randy Foye,R. Foye
164,Jimmer Fredette,J. Fredette
165,Channing Frye,C. Frye
166,Dan Gadzuric,D. Gadzuric
167,Sundiata Gaines,S. Gaines
168,Danilo Gallinari,D. Gallinari
169,Francisco García,F. García
170,Kevin Garnett,K. Garnett
171,Marc Gasol,M. Gasol
172,Pau Gasol,P. Gasol
173,Rudy Gay,R. Gay
174,Alonzo Gee,A. Gee
175,Paul George,P. George
176,Daniel Gibson,D. Gibson
177,Taj Gibson,T. Gibson
178,Manu Ginóbili,M. Ginóbili
179,Mickell Gladness,M. Gladness
181,Ryan Gomes,R. Gomes
182,Drew Gooden,D. Gooden
183,Ben Gordon,B. Gordon
184,Eric Gordon,E. Gordon
185,Marcin Gortat,M. Gortat
186,Andrew Goudelock,A. Goudelock
187,Danny Granger,D. Granger
188,Aaron Gray,A. Gray
189,Danny Green,D. Green
190,Gerald Green,G. Green
191,Willie Green,W. Green
192,Donté Greene,D. Greene
193,Blake Griffin,B. Griffin
194,Hamed Haddadi,H. Haddadi
195,Jordan Hamilton,J. Hamilton
196,Richard Hamilton,R. Hamilton
197,Tyler Hansbrough,T. Hansbrough
198,Luke Harangody,L. Harangody
199,James Harden,J. Harden
200,Justin Harper,J. Harper
201,Josh Harrellson,J. Harrellson
202,Al Harrington,A. Harrington
203,Devin Harris,D. Harris
204,Manny Harris,M. Harris
205,Terrel Harris,T. Harris
206,Tobias Harris,T. Harris
207,Udonis Haslem,U. Haslem
208,Spencer Hawes,S. Hawes
209,Chuck Hayes,C. Hayes
210,Gordon Hayward,G. Hayward
211,Lazar Hayward,L. Hayward
212,Brendan Haywood,B. Haywood
213,Gerald Henderson,G. Henderson
214,Xavier Henry,X. Henry
215,Roy Hibbert,R. Hibbert
216,J.J. Hickson,J. Hickson
218,Cory Higgins,C. Higgins
219,Nenê Hilário,N. Hilário
221,George Hill,G. Hill
222,Grant Hill*,G. Hill*
223,Jordan Hill,J. Hill
225,Kirk Hinrich,K. Hinrich
226,Darington Hobson,D. Hobson
227,Jrue Holiday,J. Holiday
228,Ryan Hollins,R. Hollins
230,Tyler Honeycutt,T. Honeycutt
231,Al Horford,A. Horford
232,Dennis Horner,D. Horner
233,Dwight Howard,D. Howard
234,Josh Howard,J. Howard
235,Juwan Howard,J. Howard
236,Lester Hudson,L. Hudson
238,Larry Hughes,L. Hughes
239,Kris Humphries,K. Humphries
240,Serge Ibaka,S. Ibaka
241,Andre Iguodala,A. Iguodala
242,Ersan İlyasova,E. İlyasova
243,Kyrie Irving,K. Irving
244,Royal Ivey,R. Ivey
245,Jarrett Jack,J. Jack
246,Reggie Jackson,R. Jackson
247,Stephen Jackson,S. Jackson
249,Damion James,D. James
250,LeBron James,L. James
251,Mike James,M. James
252,Antawn Jamison,A. Jamison
253,Al Jefferson,A. Jefferson
254,Richard Jefferson,R. Jefferson
256,Jared Jeffries,J. Jeffries
257,Charles Jenkins,C. Jenkins
258,Brandon Jennings,B. Jennings
259,Jonas Jerebko,J. Jerebko
260,Yi Jianlian,Y. Jianlian
261,Amir Johnson,A. Johnson
262,Armon Johnson,A. Johnson
264,Carldell Johnson,C. Johnson
265,Chris Johnson,C. Johnson
267,Ivan Johnson,I. Johnson
268,JaJuan Johnson,J. Johnson
269,James Johnson,J. Johnson
270,Joe Johnson,J. Johnson
271,Trey Johnson,T. Johnson
272,Wesley Johnson,W. Johnson
273,Dahntay Jones,D. Jones
274,Dominique Jones,D. Jones
275,James Jones,J. Jones
276,Solomon Jones,S. Jones
278,DeAndre Jordan,D. Jordan
279,Jerome Jordan,J. Jordan
280,Cory Joseph,C. Joseph
281,Chris Kaman,C. Kaman
282,Enes Kanter,E. Kanter
283,Jason Kapono,J. Kapono
284,D.J. Kennedy,D. Kennedy
285,Jason Kidd*,J. Kidd*
286,Linas Kleiza,L. Kleiza
287,Brandon Knight,B. Knight
288,Kyle Korver,K. Korver
289,Kosta Koufos,K. Koufos
290,Carl Landry,C. Landry
291,Ty Lawson,T. Lawson
292,Courtney Lee,C. Lee
293,David Lee,D. Lee
294,Malcolm Lee,M. Lee
295,Kawhi Leonard,K. Leonard
296,Travis Leslie,T. Leslie
297,Jon Leuer,J. Leuer
298,Rashard Lewis,R. Lewis
299,DeAndre Liggins,D. Liggins
300,Jeremy Lin,J. Lin
301,Shaun Livingston,S. Livingston
302,Brook Lopez,B. Lopez
303,Robin Lopez,R. Lopez
304,Kevin Love,K. Love
305,Kyle Lowry,K. Lowry
306,John Lucas III,J. Lucas
307,Shelvin Mack,S. Mack
308,Vernon Macklin,V. Macklin
309,Corey Maggette,C. Maggette
310,Jamaal Magloire,J. Magloire
311,Ian Mahinmi,I. Mahinmi
312,Shawn Marion,S. Marion
313,Cartier Martin,C. Martin
314,Kenyon Martin,K. Martin
315,Kevin Martin,K. Martin
316,Roger Mason,R. Mason
317,Wesley Matthews,W. Matthews
318,Jason Maxiell,J. Maxiell
319,Eric Maynor,E. Maynor
320,O.J. Mayo,O. Mayo
321,Luc Mbah a Moute,L. Mbah
322,JaVale McGee,J. McGee
324,Tracy McGrady*,T. McGrady*
325,Dominic McGuire,D. McGuire
326,Josh McRoberts,J. McRoberts
327,Jodie Meeks,J. Meeks
328,C.J. Miles,C. Miles
329,Darko Miličić,D. Miličić
330,Andre Miller,A. Miller
331,Brad Miller,B. Miller
332,Mike Miller,M. Miller
333,Patty Mills,P. Mills
334,Paul Millsap,P. Millsap
335,Nazr Mohammed,N. Mohammed
336,Greg Monroe,G. Monroe
337,Jamario Moon,J. Moon
338,E'Twaun Moore,E. Moore
339,Mikki Moore,M. Moore
340,Darius Morris,D. Morris
341,Marcus Morris,M. Morris
342,Markieff Morris,M. Morris
343,Anthony Morrow,A. Morrow
344,Timofey Mozgov,T. Mozgov
345,Byron Mullens,B. Mullens
346,Troy Murphy,T. Murphy
347,Hamady N'Diaye,H. N'Diaye
348,Eduardo Nájera,E. Nájera
349,Steve Nash*,S. Nash*
350,Gary Neal,G. Neal
351,Jameer Nelson,J. Nelson
352,Joakim Noah,J. Noah
353,Andrés Nocioni,A. Nocioni
354,Steve Novak,S. Novak
355,Dirk Nowitzki,D. Nowitzki
356,Jermaine O'Neal,J. O'Neal
357,Lamar Odom,L. Odom
358,Emeka Okafor,E. Okafor
359,Mehmet Okur,M. Okur
360,Daniel Orton,D. Orton
361,Travis Outlaw,T. Outlaw
362,Larry Owens,L. Owens
363,Zaza Pachulia,Z. Pachulia
364,Jannero Pargo,J. Pargo
365,Jeremy Pargo,J. Pargo
366,Anthony Parker,A. Parker
367,Tony Parker,T. Parker
368,Chandler Parsons,C. Parsons
369,Patrick Patterson,P. Patterson
370,Chris Paul,C. Paul
371,Sasha Pavlović,S. Pavlović
372,Nikola Peković,N. Peković
373,Kendrick Perkins,K. Perkins
374,Johan Petro,J. Petro
375,Paul Pierce,P. Pierce
376,Mickaël Piétrus,M. Piétrus
377,Dexter Pittman,D. Pittman
378,Quincy Pondexter,Q. Pondexter
379,A.J. Price,A. Price
380,Ronnie Price,R. Price
381,Tayshaun Prince,T. Prince
382,Joel Przybilla,J. Przybilla
383,Vladimir Radmanović,V. Radmanović
384,Anthony Randolph,A. Randolph
385,Zach Randolph,Z. Randolph
386,Michael Redd,M. Redd
387,J.J. Redick,J. Redick
388,Ryan Reid,R. Reid
389,Jason Richardson,J. Richardson
390,Quentin Richardson,Q. Richardson
391,Luke Ridnour,L. Ridnour
392,Nate Robinson,N. Robinson
393,Rajon Rondo,R. Rondo
394,Derrick Rose,D. Rose
395,Ricky Rubio,R. Rubio
396,Brandon Rush,B. Rush
397,Walker Russell,W. Russell
398,John Salmons,J. Salmons
399,Samardo Samuels,S. Samuels
400,Larry Sanders,L. Sanders
401,Brian Scalabrine,B. Scalabrine
402,Luis Scola,L. Scola
403,Thabo Sefolosha,T. Sefolosha
404,Josh Selby,J. Selby
405,Kevin Séraphin,K. Séraphin
406,Ramon Sessions,R. Sessions
408,Iman Shumpert,I. Shumpert
409,Xavier Silas,X. Silas
410,Bobby Simmons,B. Simmons
411,Chris Singleton,C. Singleton
412,James Singleton,J. Singleton
413,Brian Skinner,B. Skinner
414,Donald Sloan,D. Sloan
417,Craig Smith,C. Smith
418,Greg Smith,G. Smith
419,Ish Smith,I. Smith
421,J.R. Smith,J. Smith
422,Jason Smith,J. Smith
423,Jerry Smith,J. Smith
424,Josh Smith,J. Smith
425,Nolan Smith,N. Smith
426,Marreese Speights,M. Speights
427,Tiago Splitter,T. Splitter
428,Jerry Stackhouse,J. Stackhouse
429,Lance Stephenson,L. Stephenson
430,DeShawn Stevenson,D. Stevenson
431,Greg Stiemsma,G. Stiemsma
432,Julyan Stone,J. Stone
433,Amar'e Stoudemire,A. Stoudemire
434,Rodney Stuckey,R. Stuckey
435,DaJuan Summers,D. Summers
436,Jeff Teague,J. Teague
437,Sebastian Telfair,S. Telfair
438,Jason Terry,J. Terry
439,Hasheem Thabeet,H. Thabeet
441,Isaiah Thomas,I. Thomas
442,Kurt Thomas,K. Thomas
443,Lance Thomas,L. Thomas
444,Malcolm Thomas,M. Thomas
445,Tyrus Thomas,T. Thomas
446,Trey Thompkins,T. Thompkins
447,Jason Thompson,J. Thompson
448,Klay Thompson,K. Thompson
449,Mychel Thompson,M. Thompson
450,Tristan Thompson,T. Thompson
451,Marcus Thornton,M. Thornton
452,Jamaal Tinsley,J. Tinsley
453,Anthony Tolliver,A. Tolliver
454,Ronny Turiaf,R. Turiaf
456,Hedo Türkoğlu,H. Türkoğlu
457,Evan Turner,E. Turner
458,Jeremy Tyler,J. Tyler
459,Edwin Ubiles,E. Ubiles
460,Ekpe Udoh,E. Udoh
462,Beno Udrih,B. Udrih
463,Ben Uzoh,B. Uzoh
465,Anderson Varejão,A. Varejão
466,Greivis Vásquez,G. Vásquez
467,Jan Veselý,J. Veselý
468,Charlie Villanueva,C. Villanueva
469,Nikola Vučević,N. Vučević
470,Dwyane Wade,D. Wade
471,Von Wafer,V. Wafer
472,Henry Walker,H. Walker
473,Kemba Walker,K. Walker
474,John Wall,J. Wall
475,Ben Wallace,B. Wallace
476,Gerald Wallace,G. Wallace
478,Luke Walton,L. Walton
480,Hakim Warrick,H. Warrick
481,Darryl Watkins,D. Watkins
482,C.J. Watson,C. Watson
483,Earl Watson,E. Watson
484,Martell Webster,M. Webster
485,David West,D. West
486,Delonte West,D. West
487,Russell Westbrook,R. Westbrook
488,D.J. White,D. White
489,Hassan Whiteside,H. Whiteside
490,Chris Wilcox,C. Wilcox
491,Damien Wilkins,D. Wilkins
492,Deron Williams,D. Williams
493,Derrick Williams,D. Williams
494,Elliot Williams,E. Williams
495,Jordan Williams,J. Williams
496,Lou Williams,L. Williams
497,Marvin Williams,M. Williams
498,Mo Williams,M. Williams
499,Reggie Williams,R. Williams
500,Sean Williams,S. Williams
502,Shawne Williams,S. Williams
503,Shelden Williams,S. Williams
504,Terrence Williams,T. Williams
506,Metta World Peace,M. World
507,Brandan Wright,B. Wright
508,Chris Wright,C. Wright
509,Dorell Wright,D. Wright
510,Nick Young,N. Young
512,Sam Young,S. Young
514,Thaddeus Young,T. Young
0,Quincy Acy,Q. Acy
3,Josh Akognon,J. Akognon
22,Darrell Arthur,D. Arthur
32,Harrison Barnes,H. Barnes
36,Will Barton,W. Barton
41,Aron Baynes,A. Baynes
42,Kent Bazemore,K. Bazemore
43,Bradley Beal,B. Beal
47,Patrick Beverley,P. Beverley
66,Aaron Brooks,A. Brooks
89,Victor Claver,V. Claver
96,Will Conroy,W. Conroy
99,Chris Copeland,C. Copeland
104,Jae Crowder,J. Crowder
106,Jared Cunningham,J. Cunningham
111,Anthony Davis,A. Davis
117,Nando De Colo,N. De
127,Chris Douglas-Roberts,C. Douglas-Roberts
129,Andre Drummond,A. Drummond
139,Kim English,K. English
143,Festus Ezeli,F. Ezeli
150,Evan Fournier,E. Fournier
153,Joel Freeland,J. Freeland
158,Diante Garrett,D. Garrett
164,Mickaël Gelabale,M. Gelabale
177,Draymond Green,D. Green
179,Jeff Green,J. Green
186,Ben Hansbrough,B. Hansbrough
189,Maurice Harkless,M. Harkless
205,John Henson,J. Henson
215,Justin Holiday,J. Holiday
231,Bernard James,B. James
241,John Jenkins,J. Jenkins
246,Chris Johnson,C. Johnson
250,Orlando Johnson,O. Johnson
252,Darius Johnson-Odom,D. Johnson-Odom
255,DeQuan Jones,D. Jones
258,Kevin Jones,K. Jones
259,Perry Jones,P. Jones
261,Terrence Jones,T. Jones
264,Kris Joseph,K. Joseph
269,Michael Kidd-Gilchrist,M. Kidd-Gilchrist
270,Andrei Kirilenko,A. Kirilenko
275,Viacheslav Kravtsov,V. Kravtsov
276,Doron Lamb,D. Lamb
278,Jeremy Lamb,J. Lamb
285,Meyers Leonard,M. Leonard
290,Damian Lillard,D. Lillard
299,Scott Machado,S. Machado
306,Kendall Marshall,K. Marshall
324,Fab Melo,F. Melo
325,Khris Middleton,K. Middleton
329,Darius Miller,D. Miller
331,Quincy Miller,Q. Miller
343,Donatas Motiejūnas,D. Motiejūnas
344,Arnett Moultrie,A. Moultrie
347,Kevin Murphy,K. Murphy
352,Andrew Nicholson,A. Nicholson
357,Kyle O'Quinn,K. O'Quinn
359,Tim Ohlbrecht,T. Ohlbrecht
382,Miles Plumlee,M. Plumlee
386,Pablo Prigioni,P. Prigioni
390,Chris Quinn,C. Quinn
393,Shavlik Randolph,S. Randolph
400,Austin Rivers,A. Rivers
401,Brian Roberts,B. Roberts
403,Thomas Robinson,T. Robinson
406,Terrence Ross,T. Ross
407,Brandon Roy,B. Roy
410,Robert Sacre,R. Sacre
415,Mike Scott,M. Scott
420,Tornike Shengelia,T. Shengelia
422,Alexey Shved,A. Shved
423,Henry Sims,H. Sims
424,Kyle Singler,K. Singler
445,Jared Sullinger,J. Sullinger
447,Jeffery Taylor,J. Taylor
448,Tyshawn Taylor,T. Taylor
450,Marquis Teague,M. Teague
451,Mirza Teletović,M. Teletović
454,Garrett Temple,G. Temple
469,P.J. Tucker,P. Tucker
478,Jonas Valančiūnas,J. Valančiūnas
480,Jarvis Varnado,J. Varnado
487,Dion Waiters,D. Waiters
491,Rasheed Wallace,R. Wallace
497,Maalik Wayns,M. Wayns
503,James White,J. White
515,Chris Wright,C. Wright
517,Tony Wroten,T. Wroten
521,Luke Zeller,L. Zeller
522,Tyler Zeller,T. Zeller
2,Steven Adams,S. Adams
6,Alexis Ajinça,A. Ajinça
20,Giannis Antetokounmpo,G. Antetokounmpo
24,Pero Antić,P. Antić
26,Hilton Armstrong,H. Armstrong
33,Chris Babb,C. Babb
52,Anthony Bennett,A. Bennett
62,Vander Blue,V. Blue
79,Lorenzo Brown,L. Brown
84,Reggie Bullock,R. Bullock
85,Trey Burke,T. Burke
91,Dwight Buycks,D. Buycks
95,Nick Calathes,N. Calathes
97,Kentavious Caldwell-Pope,K. Caldwell-Pope
98,Isaiah Canaan,I. Canaan
101,Michael Carter-Williams,M. Carter-Williams
107,Dionte Christmas,D. Christmas
110,Ian Clark,I. Clark
119,Robert Covington,R. Covington
120,Allen Crabbe,A. Crabbe
128,Seth Curry,S. Curry
132,Troy Daniels,T. Daniels
133,Luigi Datome,L. Datome
134,Brandon Davies,B. Davies
143,Dewayne Dedmon,D. Dedmon
146,Matthew Dellavedova,M. Dellavedova
151,Gorgui Dieng,G. Dieng
161,Shane Edwards,S. Edwards
164,Melvin Ely,M. Ely
171,Vítor Faverani,V. Faverani
173,Carrick Felix,C. Felix
179,Jamaal Franklin,J. Franklin
195,Rudy Gobert,R. Gobert
198,Archie Goodwin,A. Goodwin
212,Jorge Gutiérrez,J. Gutiérrez
215,Justin Hamilton,J. Hamilton
218,Tim Hardaway,T. Hardaway
224,Elias Harris,E. Harris
226,Mike Harris,M. Harris
242,Solomon Hill,S. Hill
246,Scotty Hopson,S. Hopson
249,Robbie Hummel,R. Hummel
264,Othyus Jeffers,O. Jeffers
287,Sergey Karasev,S. Karasev
288,Ryan Kelly,R. Kelly
295,Ognjen Kuzmić,O. Kuzmić
299,Shane Larkin,S. Larkin
301,Ricky Ledo,R. Ledo
305,Alex Len,A. Len
335,Ray McCallum,R. McCallum
336,CJ McCollum,C. McCollum
338,Ben McLemore,B. McLemore
341,Gal Mekel,G. Mekel
351,Tony Mitchell,T. Mitchell
352,Tony Mitchell,T. Mitchell
365,Shabazz Muhammad,S. Muhammad
368,Erik Murphy,E. Murphy
369,Toure' Murry,T. Murry
370,Mike Muscala,M. Muscala
375,Nemanja Nedović,N. Nedović
381,James Nunnally,J. Nunnally
385,Greg Oden,G. Oden
386,Victor Oladipo,V. Oladipo
387,Kelly Olynyk,K. Olynyk
388,Arinze Onuaku,A. Onuaku
403,Mason Plumlee,M. Plumlee
406,Otto Porter,O. Porter
407,Josh Powell,J. Powell
408,Phil Pressey,P. Pressey
413,Miroslav Raduljica,M. Raduljica
418,Glen Rice,G. Rice
422,Andre Roberson,A. Roberson
435,Dennis Schröder,D. Schröder
442,Mustafa Shakur,M. Shakur
451,Peyton Siva,P. Siva
453,Chris Smith,C. Smith
459,Tony Snell,T. Snell
460,James Southerland,J. Southerland
464,D.J. Stephens,D. Stephens
480,Adonis Thomas,A. Thomas
486,Hollis Thompson,H. Thompson
513,Sasha Vujačić,S. Vujačić
519,Casper Ware,C. Ware
527,Royce White,R. White
537,Jeff Withey,J. Withey
538,Nate Wolters,N. Wolters
546,Cody Zeller,C. Zeller
1,Jordan Adams,J. Adams
7,Furkan Aldemir,F. Aldemir
17,Kyle Anderson,K. Anderson
30,Cameron Bairstow,C. Bairstow
47,Jerrelle Benimon,J. Benimon
50,Sim Bhullar,S. Bhullar
52,Tarik Black,T. Black
58,Bojan Bogdanović,B. Bogdanović
69,Jabari Brown,J. Brown
71,Markel Brown,M. Brown
84,Bruno Caboclo,B. Caboclo
90,Clint Capela,C. Capela
99,Will Cherry,W. Cherry
100,Patrick Christopher,P. Christopher
104,Jordan Clarkson,J. Clarkson
111,Jack Cooley,J. Cooley
113,Bryce Cotton,B. Cotton
135,Andre Dawkins,A. Dawkins
144,Spencer Dinwiddie,S. Dinwiddie
145,Joey Dorsey,J. Dorsey
150,Zoran Dragić,Z. Dragić
152,Larry Drew,L. Drew
158,Cleanthony Early,C. Early
161,James Ennis,J. Ennis
162,Tyler Ennis,T. Ennis
167,Dante Exum,D. Exum
177,Tim Frazier,T. Frazier
183,Langston Galloway,L. Galloway
198,Aaron Gordon,A. Gordon
200,Drew Gordon,D. Gordon
204,Jerami Grant,J. Grant
207,Erick Green,E. Green
209,JaMychal Green,J. Green
217,P.J. Hairston,P. Hairston
226,Gary Harris,G. Harris
227,Joe Harris,J. Harris
247,Rodney Hood,R. Hood
256,Joe Ingles,J. Ingles
264,Cory Jefferson,C. Jefferson
270,Grant Jerrett,G. Jerrett
278,Nick Johnson,N. Johnson
279,Tyler Johnson,T. Johnson
294,Sean Kilpatrick,S. Kilpatrick
296,Alex Kirk,A. Kirk
305,Joffrey Lauvergne,J. Lauvergne
306,Zach LaVine,Z. LaVine
324,Kalin Lucas,K. Lucas
328,Devyn Marble,D. Marble
338,James Michael McAdoo,J. Michael
341,K.J. McDaniels,K. McDaniels
343,Doug McDermott,D. McDermott
344,Mitch McGary,M. McGary
348,Jerel McNeal,J. McNeal
361,Elijah Millsap,E. Millsap
363,Nikola Mirotić,N. Mirotić
367,Eric Moreland,E. Moreland
379,Shabazz Napier,S. Napier
387,Nerlens Noel,N. Noel
388,Lucas Nogueira,L. Nogueira
392,Jusuf Nurkić,J. Nurkić
393,Johnny O'Bryant,J. O'Bryant
399,Kostas Papanikolaou,K. Papanikolaou
401,Jabari Parker,J. Parker
406,Adreian Payne,A. Payne
408,Elfrid Payton,E. Payton
419,Dwight Powell,D. Powell
432,Julius Randle,J. Randle
444,Glenn Robinson,G. Robinson
455,Damjan Rudež,D. Rudež
459,JaKarr Sampson,J. Sampson
477,Marcus Smart,M. Smart
486,Russ Smith,R. Smith
491,Nik Stauskas,N. Stauskas
494,David Stockton,D. Stockton
495,Jarnell Stokes,J. Stokes
530,Noah Vonleh,N. Vonleh
539,T.J. Warren,T. Warren
541,David Wear,D. Wear
542,Travis Wear,T. Wear
547,Shayne Whittington,S. Whittington
548,Andrew Wiggins,A. Wiggins
549,C.J. Wilcox,C. Wilcox
569,James Young,J. Young
7,Cliff Alexander,C. Alexander
16,Justin Anderson,J. Anderson
20,Thanasis Antetokounmpo,T. Antetokounmpo
23,Keith Appling,K. Appling
49,Nemanja Bjelica,N. Bjelica
57,Devin Booker,D. Booker
64,Anthony Brown,A. Brown
85,Willie Cauley-Stein,W. Cauley-Stein
89,Rakeem Christmas,R. Christmas
91,Coty Clarke,C. Clarke
97,Pat Connaughton,P. Connaughton
114,Branden Dawson,B. Dawson
116,Bryce Dejean-Jones,B. Dejean-Jones
117,Sam Dekker,S. Dekker
128,Duje Dukan,D. Dukan
133,Jarell Eddie,J. Eddie
146,Cristiano Felício,C. Felício
175,Jerian Grant,J. Grant
194,Montrezl Harrell,M. Harrell
200,Aaron Harrison,A. Harrison
207,Mario Hezonja,M. Hezonja
215,Darrun Hilliard,D. Hilliard
223,Rondae Hollis-Jefferson,R. Hollis-Jefferson
224,Richaun Holmes,R. Holmes
228,Marcelo Huertas,M. Huertas
229,Josh Huestis,J. Huestis
233,R.J. Hunter,R. Hunter
239,Damien Inglis,D. Inglis
259,Stanley Johnson,S. Johnson
262,Nikola Jokić,N. Jokić
266,Tyus Jones,T. Jones
270,Frank Kaminsky,F. Kaminsky
273,Sasha Kaun,S. Kaun
299,Kevon Looney,K. Looney
304,Trey Lyles,T. Lyles
309,Boban Marjanović,B. Marjanović
311,Jarell Martin,J. Martin
321,T.J. McConnell,T. McConnell
322,Chris McCullough,C. McCullough
328,Jordan McRae,J. McRae
332,Salah Mejri,S. Mejri
333,Jordan Mickey,J. Mickey
345,Luis Montero,L. Montero
354,Emmanuel Mudiay,E. Mudiay
356,Xavier Munford,X. Munford
358,Larry Nance,L. Nance
362,Raul Neto,R. Neto
371,J.J. O'Brien,J. O'Brien
374,Jahlil Okafor,J. Okafor
377,Kelly Oubre,K. Oubre
383,Lamar Patterson,L. Patterson
387,Cameron Payne,C. Payne
392,Tibor Pleiß,T. Pleiß
396,Bobby Portis,B. Portis
397,Kristaps Porziņģis,K. Porziņģis
399,Norman Powell,N. Powell
408,Willie Reed,W. Reed
409,Josh Richardson,J. Richardson
420,Terry Rozier,T. Rozier
424,D'Angelo Russell,D. Russell
435,Jonathon Simmons,J. Simmons
454,Alex Stepheson,A. Stepheson
461,Edy Tavares,E. Tavares
476,Axel Toupane,A. Toupane
477,Karl-Anthony Towns,K. Towns
480,Myles Turner,M. Turner
487,Rashad Vaughn,R. Vaughn
498,Briante Weber,B. Weber
500,Sonny Weems,S. Weems
508,Alan Williams,A. Williams
515,Justise Winslow,J. Winslow
517,Christian Wood,C. Wood
520,Delon Wright,D. Wright
523,Joe Young,J. Young
0,Álex Abrines,Á. Abrines
25,Ron Baker,R. Baker
26,Wade Baldwin,W. Baldwin
39,Malik Beasley,M. Beasley
42,DeAndre' Bembry,D. Bembry
43,Dragan Bender,D. Bender
45,Ben Bentil,B. Bentil
46,Dāvis Bertāns,D. Bertāns
56,Joel Bolomboy,J. Bolomboy
62,Malcolm Brogdon,M. Brogdon
66,Bobby Brown,B. Brown
67,Jaylen Brown,J. Brown
68,Nicolás Brussino,N. Brussino
88,Marquese Chriss,M. Chriss
90,Semaj Christon,S. Christon
98,Quinn Cook,Q. Cook
112,Deyonta Davis,D. Davis
116,Malcolm Delaney,M. Delaney
120,Cheick Diallo,C. Diallo
130,Kris Dunn,K. Dunn
133,Henry Ellenson,H. Ellenson
136,Joel Embiid,J. Embiid
146,Kay Felder,K. Felder
149,Yogi Ferrell,Y. Ferrell
151,Dorian Finney-Smith,D. Finney-Smith
152,Bryn Forbes,B. Forbes
160,Patricio Garino,P. Garino
164,Michael Gbinije,M. Gbinije
167,Marcus Georges-Hunt,M. Georges-Hunt
168,Jonathan Gibson,J. Gibson
178,Treveon Graham,T. Graham
189,A.J. Hammons,A. Hammons
201,Andrew Harrison,A. Harrison
208,Juan Hernangómez,J. Hernangómez
209,Willy Hernangómez,W. Hernangómez
213,Buddy Hield,B. Hield
226,Danuel House,D. House
239,Brandon Ingram,B. Ingram
242,Demetrius Jackson,D. Jackson
243,Pierre Jackson,P. Jackson
253,Brice Johnson,B. Johnson
261,Damian Jones,D. Jones
262,Derrick Jones,D. Jones
278,Mindaugas Kuzminskas,M. Kuzminskas
279,Skal Labissière,S. Labissière
281,Nicolás Laprovíttola,N. Laprovíttola
286,Jake Layman,J. Layman
293,Caris LeVert,C. LeVert
299,Shawn Long,S. Long
306,Timothé Luwawu-Cabarrot,T. Luwawu-Cabarrot
308,Sheldon Mac,S. Mac
311,Thon Maker,T. Maker
317,Patrick McCaw,P. McCaw
327,Rodney McGruder,R. McGruder
351,Dejounte Murray,D. Murray
352,Jamal Murray,J. Murray
356,Maurice Ndour,M. Ndour
360,Georges Niang,G. Niang
371,David Nwaba,D. Nwaba
375,Daniel Ochefu,D. Ochefu
380,Chinanu Onuaku,C. Onuaku
383,Georgios Papagiannis,G. Papagiannis
394,Gary Payton,G. Payton
396,Marshall Plumlee,M. Plumlee
401,Jakob Pöltl,J. Pöltl
407,Alex Poythress,A. Poythress
409,Tim Quarterman,T. Quarterman
410,Chasson Randle,C. Randle
417,Malachi Richardson,M. Richardson
423,Sergio Rodríguez,S. Rodríguez
433,Domantas Sabonis,D. Sabonis
435,Dario Šarić,D. Šarić
436,Tomáš Satoranský,T. Satoranský
441,Wayne Selden,W. Selden
446,Pascal Siakam,P. Siakam
461,Diamond Stone,D. Stone
466,Isaiah Taylor,I. Taylor
478,Mike Tobey,M. Tobey
488,Tyler Ulis,T. Ulis
489,Jarrod Uthoff,J. Uthoff
491,Denzel Valentine,D. Valentine
492,Fred VanVleet,F. VanVleet
503,Taurean Waller-Prince,T. Waller-Prince
510,Okaro White,O. White
511,Isaiah Whitehead,I. Whitehead
524,Troy Williams,T. Williams
526,Kyle Wiltjer,K. Wiltjer
539,Stephen Zimmerman,S. Zimmerman
540,Paul Zipser,P. Zipser
541,Ivica Zubac,I. Zubac
3,Bam Adebayo,B. Adebayo
7,Jarrett Allen,J. Allen
8,Kadeem Allen,K. Allen
14,Ike Anigbogu,I. Anigbogu
17,OG Anunoby,O. Anunoby
18,Ryan Arcidiacono,R. Arcidiacono
21,Jamel Artis,J. Artis
27,Dwayne Bacon,D. Bacon
30,Lonzo Ball,L. Ball
43,Jordan Bell,J. Bell
48,Khem Birch,K. Birch
49,Jabari Bird,J. Bird
53,Antonio Blakeney,A. Blakeney
57,Bogdan Bogdanović,B. Bogdanović
65,Chris Boucher,C. Boucher
68,Tony Bradley,T. Bradley
73,Dillon Brooks,D. Brooks
80,Sterling Brown,S. Brown
82,Thomas Bryant,T. Bryant
98,Alex Caruso,A. Caruso
101,Tyler Cavanaugh,T. Cavanaugh
109,Gian Clavell,G. Clavell
110,Antonius Cleveland,A. Cleveland
112,John Collins,J. Collins
113,Zach Collins,Z. Collins
114,Kyle Collinsworth,K. Collinsworth
120,Charles Cooke,C. Cooke
122,Matt Costello,M. Costello
126,Torrey Craig,T. Craig
147,Tyler Dorsey,T. Dorsey
148,Damyean Dotson,D. Dotson
149,Milton Doyle,M. Doyle
150,PJ Dozier,P. Dozier
166,Jawun Evans,J. Evans
176,Terrance Ferguson,T. Ferguson
181,De'Aaron Fox,D. Fox
185,Markelle Fultz,M. Fultz
203,Josh Gray,J. Gray
211,Daniel Hamilton,D. Hamilton
224,Shaquille Harrison,S. Harrison
225,Josh Hart,J. Hart
227,Nigel Hayes,N. Hayes
231,Reggie Hearn,R. Hearn
232,Myke Henry,M. Henry
238,Isaiah Hicks,I. Hicks
247,John Holland,J. Holland
258,Vince Hunter,V. Hunter
264,Andre Ingram,A. Ingram
267,Jonathan Isaac,J. Isaac
268,Wesley Iwundu,W. Iwundu
270,Aaron Jackson,A. Jackson
273,Josh Jackson,J. Jackson
274,Justin Jackson,J. Jackson
277,Mike James,M. James
286,Dakari Johnson,D. Johnson
290,Omari Johnson,O. Johnson
298,Jalen Jones,J. Jones
305,Luke Kennard,L. Kennard
311,Maxi Kleber,M. Kleber
312,Furkan Korkmaz,F. Korkmaz
313,Luke Kornet,L. Kornet
316,Kyle Kuzma,K. Kuzma
324,T.J. Leaf,T. Leaf
326,Damion Lee,D. Lee
327,Walt Lemon,W. Lemon
344,Tyler Lydon,T. Lydon
347,Josh Magette,J. Magette
352,Lauri Markkanen,L. Markkanen
354,Frank Mason,F. Mason
355,Mangok Mathiang,M. Mathiang
362,Erik McCree,E. McCree
368,Trey McKinney-Jones,T. McKinney-Jones
369,Alfonzo McKinnie,A. McKinnie
378,Malcolm Miller,M. Miller
383,Donovan Mitchell,D. Mitchell
384,Naz Mitrou-Long,N. Mitrou-Long
385,Malik Monk,M. Monk
390,Ben Moore,B. Moore
393,Jaylen Morris,J. Morris
396,Monte Morris,M. Morris
397,Johnathan Motley,J. Motley
407,Abdel Nader,A. Nader
419,Frank Ntilikina,F. Ntilikina
423,Royce O'Neale,R. O'Neale
425,Semi Ojeleye,S. Ojeleye
432,Cedi Osman,C. Osman
435,Marcus Paige,M. Paige
442,Justin Patton,J. Patton
443,Brandon Paul,B. Paul
452,London Perrantes,L. Perrantes
453,Alec Peters,A. Peters
465,Jacob Pullen,J. Pullen
466,Rodney Purvis,R. Purvis
467,Zhou Qi,Z. Qi
469,Ivan Rabb,I. Rabb
472,Xavier Rathan-Mayes,X. Rathan-Mayes
474,Davon Reed,D. Reed
482,Devin Robinson,D. Robinson
504,Ben Simmons,B. Simmons
506,Kobi Simmons,K. Simmons
509,Dennis Smith,D. Smith
521,Edmond Sumner,E. Sumner
522,Caleb Swanigan,C. Swanigan
523,Jayson Tatum,J. Tatum
529,Miloš Teodosić,M. Teodosić
531,Daniel Theis,D. Theis
537,Sindarius Thornwell,S. Thornwell
559,Tyrone Wallace,T. Wallace
561,Derrick Walton,D. Walton
562,Jameel Warney,J. Warney
565,James Webb,J. Webb
570,Andrew White,A. White
571,Derrick White,D. White
576,Jacob Wiley,J. Wiley
579,C.J. Williams,C. Williams
583,Matt Williams,M. Williams
586,D.J. Wilson,D. Wilson
587,Jamil Wilson,J. Wilson
594,Guerschon Yabusele,G. Yabusele
603,Ante Žižić,A. Žižić
2,Jaylen Adams,J. Adams
5,Deng Adel,D. Adel
6,DeVaughn Akoon-Purcell,D. Akoon-Purcell
8,Rawle Alkins,R. Alkins
9,Grayson Allen,G. Allen
19,Kostas Antetokounmpo,K. Antetokounmpo
26,Deandre Ayton,D. Ayton
28,Marvin Bagley,M. Bagley
33,Mo Bamba,M. Bamba
38,Keita Bates-Diop,K. Bates-Diop
50,Dairis Bertāns,D. Bertāns
58,Jaron Blossomgame,J. Blossomgame
62,Jonah Bolden,J. Bolden
63,Isaac Bonga,I. Bonga
71,Mikal Bridges,M. Bridges
72,Miles Bridges,M. Bridges
73,Isaiah Briscoe,I. Briscoe
74,Ryan Broekhoff,R. Broekhoff
78,Bruce Brown,B. Brown
82,Troy Brown,T. Brown
83,Jalen Brunson,J. Brunson
92,Deonte Burton,D. Burton
103,Jevon Carter,J. Carter
105,Wendell Carter,W. Carter
111,Troy Caupain,T. Caupain
117,Joe Chealey,J. Chealey
118,Chris Chiozza,C. Chiozza
121,Gary Clark,G. Clark
127,Bonzie Colson,B. Colson
137,Mitch Creek,M. Creek
147,Tyler Davis,T. Davis
151,Ángel Delgado,Á. Delgado
156,Marcus Derrickson,M. Derrickson
158,Hamidou Diallo,H. Diallo
161,Donte DiVincenzo,D. DiVincenzo
162,Luka Dončić,L. Dončić
172,Trevon Duval,T. Duval
173,Vince Edwards,V. Edwards
181,Drew Eubanks,D. Eubanks
182,Jacob Evans,J. Evans
198,Melvin Frazier,M. Frazier
206,Billy Garrett,B. Garrett
214,Harry Giles,H. Giles
215,Shai Gilgeous-Alexander,S. Gilgeous-Alexander
217,Brandon Goodwin,B. Goodwin
221,Devonte' Graham,D. Graham
225,Donte Grantham,D. Grantham
234,Dusty Hannahs,D. Hannahs
250,Isaiah Hartenstein,I. Hartenstein
259,Haywood Highsmith,H. Highsmith
264,Aaron Holiday,A. Holiday
276,Kevin Huerter,K. Huerter
277,Isaac Humphries,I. Humphries
279,Chandler Hutchison,C. Hutchison
290,Frank Jackson,F. Jackson
291,Jaren Jackson,J. Jackson
297,Amile Jefferson,A. Jefferson
301,Alize Johnson,A. Johnson
303,B.J. Johnson,B. Johnson
316,Jemerrio Jones,J. Jones
327,George King,G. King
331,Kevin Knox,K. Knox
337,Rodions Kurucs,R. Kurucs
358,Zach Lofton,Z. Lofton
364,Jordan Loyd,J. Loyd
373,Daryl Macon,D. Macon
374,J.P. Macura,J. Macura
383,Yante Maten,Y. Maten
388,Tahjere McCall,T. McCall
401,De'Anthony Melton,D. Melton
402,Chimezie Metu,C. Metu
410,Shake Milton,S. Milton
431,Džanan Musa,D. Musa
434,Sviatoslav Mykhailiuk,S. Mykhailiuk
453,Elie Okobo,E. Okobo
454,Josh Okogie,J. Okogie
472,Theo Pinson,T. Pinson
490,Cameron Reynolds,C. Reynolds
496,Duncan Robinson,D. Robinson
498,Jerome Robinson,J. Robinson
499,Mitchell Robinson,M. Robinson
507,Brandon Sampson,B. Sampson
518,Collin Sexton,C. Sexton
519,Landry Shamet,L. Shamet
524,Jordan Sibert,J. Sibert
529,Anfernee Simons,A. Simons
538,Zhaire Smith,Z. Smith
540,Ray Spalding,R. Spalding
542,Omari Spellman,O. Spellman
555,Jared Terrell,J. Terrell
556,Emanuel Terry,E. Terry
560,Khyri Thomas,K. Thomas
567,Gary Trent,G. Trent
568,Allonzo Trier,A. Trier
576,Jarred Vanderbilt,J. Vanderbilt
581,Moritz Wagner,M. Wagner
584,Lonnie Walker,L. Walker
588,Brad Wanamaker,B. Wanamaker
590,Julian Washburn,J. Washburn
591,Yuta Watanabe,Y. Watanabe
592,Thomas Welsh,T. Welsh
600,Johnathan Williams,J. Williams
601,Kenrich Williams,K. Williams
604,Robert Williams,R. Williams
615,Trae Young,T. Young
3,Nickeil Alexander-Walker,N. Alexander-Walker
27,RJ Barrett,R. Barrett
34,Darius Bazley,D. Bazley
44,Goga Bitadze,G. Bitadze
51,Marques Bolden,M. Bolden
52,Jordan Bone,J. Bone
56,Brian Bowen,B. Bowen
57,Ky Bowman,K. Bowman
60,Jarrell Brantley,J. Brantley
61,Ignas Brazdeikis,I. Brazdeikis
64,Oshae Brissett,O. Brissett
69,Charlie Brown,C. Brown
71,Moses Brown,M. Brown
83,Vlatko Čančar,V. Čančar
95,Zylan Cheatham,Z. Cheatham
101,Brandon Clarke,B. Clarke
104,Nicolas Claxton,N. Claxton
105,Chris Clemons,C. Clemons
107,Amir Coffey,A. Coffey
113,Tyler Cook,T. Cook
120,Jarrett Culver,J. Culver
126,Terence Davis,T. Davis
136,Luguentz Dort,L. Dort
138,Sekou Doumbouya,S. Doumbouya
144,Carsen Edwards,C. Edwards
153,Tacko Fall,T. Fall
157,Bruno Fernando,B. Fernando
164,Michael Frazier,M. Frazier
167,Wenyen Gabriel,W. Gabriel
169,Daniel Gafford,D. Gafford
172,Darius Garland,D. Garland
191,Javonte Green,J. Green
194,Marko Guduric,M. Guduric
195,Kyle Guy,K. Guy
196,Rui Hachimura,R. Hachimura
197,Devon Hall,D. Hall
201,Jared Harper,J. Harper
210,Jaxson Hayes,J. Hayes
213,Dewan Hernandez,D. Hernandez
216,Tyler Herro,T. Herro
217,Kevin Hervey,K. Hervey
222,Jaylen Hoard,J. Hoard
230,Talen Horton-Tucker,T. Horton-Tucker
233,William Howard,W. Howard
235,De'Andre Hunter,D. Hunter
249,Justin James,J. James
252,DaQuan Jeffries,D. Jeffries
253,Ty Jerome,T. Jerome
256,Cameron Johnson,C. Johnson
258,Keldon Johnson,K. Johnson
267,Mfiondu Kabengele,M. Kabengele
271,Stanton Kidd,S. Kidd
273,Louis King,L. King
277,John Konchar,J. Konchar
285,Romeo Langford,R. Langford
287,Vic Law,V. Law
290,Jalen Lecque,J. Lecque
298,Nassir Little,N. Little
310,Terance Mann,T. Mann
313,Caleb Martin,C. Martin
314,Cody Martin,C. Martin
315,Jeremiah Martin,J. Martin
316,Kelan Martin,K. Martin
318,Garrison Mathews,G. Mathews
323,Jalen McDaniels,J. McDaniels
328,Jordan McLaughlin,J. McLaughlin
331,Nicolò Melli,N. Melli
335,Eric Mika,E. Mika
343,Adam Mokoka,A. Mokoka
345,Matt Mooney,M. Mooney
347,Ja Morant,J. Morant
348,Juwan Morgan,J. Morgan
366,Zach Norvell,Z. Norvell
367,Jaylen Nowell,J. Nowell
369,Kendrick Nunn,K. Nunn
377,KZ Okpala,K. Okpala
380,Miye Oni,M. Oni
383,Tariq Owens,T. Owens
386,Eric Paschall,E. Paschall
387,Anžejs Pasečņiks,A. Pasečņiks
393,Norvel Pelle,N. Pelle
396,Vincent Poirier,V. Poirier
398,Shamorie Ponds,S. Ponds
399,Jordan Poole,J. Poole
400,Kevin Porter,K. Porter
401,Michael Porter,M. Porter
408,Josh Reaves,J. Reaves
409,Cam Reddish,C. Reddish
411,Naz Reid,N. Reid
417,Justin Robinson,J. Robinson
419,Isaiah Roby,I. Roby
430,Admiral Schofield,A. Schofield
436,Marial Shayok,M. Shayok
439,Chris Silva,C. Silva
442,Alen Smailagić,A. Smailagić
449,Max Strus,M. Strus
460,Matt Thomas,M. Thomas
462,Matisse Thybulle,M. Thybulle
469,Rayjon Tucker,R. Tucker
476,Gabe Vincent,G. Vincent
479,Dean Wade,D. Wade
489,PJ Washington,P. Washington
491,Tremont Waters,T. Waters
492,Paul Watson,P. Watson
495,Coby White,C. White
499,Grant Williams,G. Williams
505,Nigel Williams-Goss,N. Williams-Goss
506,Zion Williamson,Z. Williamson
